{"run_id":"demo_2026-02-09","variant":"base","species":"skipjack","species_profile":{"label":{"en":"Skipjack tuna","fa":"اسکیپ‌جک"},"scientific_name":"Katsuwonus pelamis","region":"W Arabian Sea","priors":{"sst_opt_c":28.0,"sst_sigma_c":3.0,"chl_opt_mg_m3":0.2,"chl_sigma_log10":0.6,"current_opt_m_s":0.4,"current_sigma_m_s":0.25,"waves_hs_soft_max_m":1.5,"front_weights":{"temp":0.5,"chl":0.25,"ssh":0.25}},"layer_weights":{"temp":0.3,"chl":0.25,"front":0.25,"current":0.1,"waves":0.1},"ops_constraints":{"waves_hs_soft_max_m":1.5,"currents_soft_max_m_s":0.9},"references":["Elith & Leathwick (2009) SDM overview","Phillips et al. (2006) MaxEnt","Renner & Warton (2013) MaxEnt~PPP","Lehodey et al. (2008) SEAPODYM"],"notes":"Priors are defaults; tune with AIS-effort/feedback/ensemble for the target region."},"grid":{"lon_min":45.37028305429542,"lon_max":61.52515561350727,"lat_min":6.803508013976659,"lat_max":20.176367580479514,"width":160,"height":160,"crs":"EPSG:4326","bounds":[[6.803508013976659,45.37028305429542],[20.176367580479514,61.52515561350727]]},"times":["2026-02-08T00:00:00Z","2026-02-08T06:00:00Z","2026-02-08T12:00:00Z","2026-02-08T18:00:00Z","2026-02-09T00:00:00Z","2026-02-09T06:00:00Z","2026-02-09T12:00:00Z","2026-02-09T18:00:00Z","2026-02-10T00:00:00Z"],"paths":{"mask":"grid/mask_u8.bin","per_time":{"sst":"variants/base/species/skipjack/times/{time}/sst_f32.bin","chl":"variants/base/species/skipjack/times/{time}/chl_f32.bin","current":"variants/base/species/skipjack/times/{time}/current_f32.bin","waves":"variants/base/species/skipjack/times/{time}/waves_f32.bin","front":"variants/base/species/skipjack/times/{time}/front_f32.bin","qc_chl":"variants/base/species/skipjack/times/{time}/qc_chl_u8.bin","pops":"variants/base/species/skipjack/times/{time}/pops_f32.bin","phab_scoring":"variants/base/species/skipjack/times/{time}/phab_scoring_f32.bin","phab_frontplus":"variants/base/species/skipjack/times/{time}/phab_frontplus_f32.bin","pcatch_scoring":"variants/base/species/skipjack/times/{time}/pcatch_scoring_f32.bin","pcatch_frontplus":"variants/base/species/skipjack/times/{time}/pcatch_frontplus_f32.bin","pcatch_ppp":"variants/base/species/skipjack/times/{time}/pcatch_ppp_f32.bin","pcatch_ensemble":"variants/base/species/skipjack/times/{time}/pcatch_ensemble_f32.bin","agree":"variants/base/species/skipjack/times/{time}/agree_f32.bin","spread":"variants/base/species/skipjack/times/{time}/spread_f32.bin","conf":"variants/base/species/skipjack/times/{time}/conf_f32.bin"}},"ppp_model":{"type":"presence_background_logit","features":["sst","logchl","cur","waves","front","sst2","logchl2"],"l2":0.8,"n_presence":800,"n_background":4000},"defaults":{"map":"pcatch","layer":"pcatch_ensemble","aggregation":"p90","time_mode":"range"},"download":{"geotiff_example":"variants/base/species/skipjack/pcatch_ensemble_20260209T000000Z.tif"}}