{"run_id":"demo_2026-02-09","variant":"gapfill","qc_mask":true,"gapfill":true,"run_time_utc":"2026-02-09T21:14:32.732890Z","run_time_source":"local_system_fallback","data_source":{"type":"synthetic_demo","analysis_or_forecast":"mixed"},"sanity_checks":{"sst_out_of_range":0,"chl_out_of_range":0,"current_out_of_range":0,"waves_out_of_range":0},"times":["2026-02-08T00:00:00Z","2026-02-08T06:00:00Z","2026-02-08T12:00:00Z","2026-02-08T18:00:00Z","2026-02-09T00:00:00Z","2026-02-09T06:00:00Z","2026-02-09T12:00:00Z","2026-02-09T18:00:00Z","2026-02-10T00:00:00Z"],"grid":{"lon_min":45.37028305429542,"lon_max":61.52515561350727,"lat_min":6.803508013976659,"lat_max":20.176367580479514,"width":160,"height":160,"crs":"EPSG:4326","bounds":[[6.803508013976659,45.37028305429542],[20.176367580479514,61.52515561350727]]},"species_profiles":{"skipjack":{"label":{"en":"Skipjack tuna","fa":"اسکیپ‌جک"},"scientific_name":"Katsuwonus pelamis","region":"W Arabian Sea","priors":{"sst_opt_c":28.0,"sst_sigma_c":3.0,"chl_opt_mg_m3":0.2,"chl_sigma_log10":0.6,"current_opt_m_s":0.4,"current_sigma_m_s":0.25,"waves_hs_soft_max_m":1.5,"front_weights":{"temp":0.5,"chl":0.25,"ssh":0.25}},"layer_weights":{"temp":0.3,"chl":0.25,"front":0.25,"current":0.1,"waves":0.1},"ops_constraints":{"waves_hs_soft_max_m":1.5,"currents_soft_max_m_s":0.9},"references":["Elith & Leathwick (2009) SDM overview","Phillips et al. (2006) MaxEnt","Renner & Warton (2013) MaxEnt~PPP","Lehodey et al. (2008) SEAPODYM"],"notes":"Priors are defaults; tune with AIS-effort/feedback/ensemble for the target region."},"yellowfin":{"label":{"en":"Yellowfin tuna","fa":"یلّوفین"},"scientific_name":"Thunnus albacares","region":"W Arabian Sea","priors":{"sst_opt_c":27.0,"sst_sigma_c":3.5,"chl_opt_mg_m3":0.15,"chl_sigma_log10":0.65,"current_opt_m_s":0.35,"current_sigma_m_s":0.25,"waves_hs_soft_max_m":1.5,"front_weights":{"temp":0.5,"chl":0.25,"ssh":0.25}},"layer_weights":{"temp":0.32,"chl":0.23,"front":0.25,"current":0.1,"waves":0.1},"ops_constraints":{"waves_hs_soft_max_m":1.5,"currents_soft_max_m_s":0.8},"references":["Elith & Leathwick (2009) SDM overview","Phillips et al. (2006) MaxEnt","Renner & Warton (2013) MaxEnt~PPP","Lehodey et al. (2008) SEAPODYM"],"notes":"Priors are defaults; tune with AIS-effort/feedback/ensemble for the target region."}},"notes":"Demo dataset. Production: swap in satellite/forecast ingestion + AIS effort provider."}