{
  "notes": "Seyd‑Yaar datasets (v4). Depth is auto-detected per dataset using copernicusmarine describe; closest depth to 0m is selected.",
  "cmems": {
    "sst": {
      "product": "GLOBAL_ANALYSISFORECAST_PHY_001_024",
      "dataset_id": "cmems_mod_glo_phy-thetao_anfc_0.083deg_PT6H-i",
      "variable": "thetao",
      "depth_target_m": 0.0,
      "units": "degrees_C"
    },
    "currents": {
      "product": "GLOBAL_ANALYSISFORECAST_PHY_001_024",
      "dataset_id": "cmems_mod_glo_phy-cur_anfc_0.083deg_PT6H-i",
      "variables": [
        "uo",
        "vo"
      ],
      "depth_target_m": 0.0,
      "units": "m s-1"
    },
    "ssh": {
      "product": "GLOBAL_ANALYSISFORECAST_PHY_001_024",
      "dataset_id": "cmems_mod_glo_phy_anfc_0.083deg_PT1H-m",
      "variable": "zos",
      "units": "m",
      "notes": "No depth axis."
    },
    "waves": {
      "product": "GLOBAL_ANALYSISFORECAST_WAV_001_027",
      "dataset_id": "cmems_mod_glo_wav_anfc_0.083deg_PT3H-i",
      "variable": "VHM0",
      "units": "m",
      "notes": "No depth axis."
    },
    "chl": {
      "product": "GLOBAL_ANALYSISFORECAST_BGC_001_028",
      "dataset_id": "cmems_mod_glo_bgc-pft_anfc_0.25deg_P1D-m",
      "variable": "chl",
      "depth_target_m": 0.0,
      "units": "mg m-3"
    }
  }
}
